<application>
  <component name="ProjectManager">
    <defaultProject>
      <component name="ProjectView">
        <navigator proportions="" version="1" />
        <panes />
      </component>
      <component name="ProjectViewState">
        <option name="hideEmptyMiddlePackages" value="true" />
        <option name="showLibraryContents" value="true" />
      </component>
      <component name="WindowStateProjectService">
        <state x="2658" y="363" width="424" height="519" key="FileChooserDialogImpl" timestamp="1695627435755">
          <screen x="1920" y="153" width="1920" height="1047" />
        </state>
        <state x="2658" y="363" width="424" height="519" key="FileChooserDialogImpl/1920.153.1920.1047/0.120.1920.1080" timestamp="1695627435755" />
      </component>
    </defaultProject>
  </component>
</application>